{"total_annual_exposure": 42153853.07686599, "abuse_rate": 1.686, "category_exposure": {"dining": 21230116.199005526, "e-commerce": 12638866.303129958, "retail": 20997153.11443234, "travel": 29441570.537164167}, "type_exposure": {"cycling": 24679198.42196414, "farming": 25202957.82455992, "promo": 13761930.03079029, "referral": 20663619.87641764}}